English,Spanish,MexicanSpanish
All Inventory,Todos los Vehículos,Todos los Vehículos
Alloy Wheels,Aros de Aleación,Aros de Aleación
Ask,Preguntar,Preguntar
Bargain Inventory,Vehículos Económicos,Vehículos Económicos
Body Style,Estilo de Carrocería,Estilo de Carrocería
Car,Vehículo,Vehículo
CarFinder,CarFinder,CarFinder
Certified Vehicles,Vehículos Certificados,Vehículos Certificados
Chevy Cares,Chevy se Preocupa,Chevy se Preocupa
Classifieds New Inventory,Vehículos Nuevos Clasificados,Vehículos Nuevos Clasificados
Classifieds Used Inventory,Vehículos Usados Clasificados,Vehículos Usados Clasificados
Collision Center,Centro de Reparación de Choques,Centro de Reparación de Choques
Customer Reviews,Opiniones de Clientes,Opiniones de Clientes
Dealer,Concesionario,Concesionario
Detailing,Detailing,Detailing
Down Payment,Pago Inicial,Pago Inicial
Drive Line / Driveline,Línea de Transmisión,Línea de Transmisión
Exotic New Inventory,Vehículos Nuevos Exóticos,Vehículos Nuevos Exóticos
Exotic Pre-owned Inventory,Vehículos Usados Exóticos,Vehículos Usados Exóticos
Express,Exprés,Exprés
Finance Application,Solicitud de Financiamiento,Solicitud de Financiamiento
Finance Center,Centro de Financiamiento,Centro de Financiamiento
Finance Credit Application,Solicitud de Crédito Financiero,Solicitud de Crédito Financiero
Get ePrice,Obtener el Precio en Línea,Obtener el Precio en Línea
Hybrid,Híbrido,Híbrido
KBB Instant Cash Offer,Oferta al Instante en Efectivo KBB,Oferta al Instante en Efectivo KBB
KBB Instant Trade In Cash Offer,Oferta en Efectivo de KBB Instant Trade In,Oferta en Efectivo de KBB Instant Trade In
Learn More,Conozca Más,Conozca Más
Lease,Arrendamiento,
Lease Specials,Ofertas de Arrendamiento,Ofertas de Arrendamiento
Lifetime,De por Vida,De por Vida
Loan,Préstamo,Préstamo
Middle Initial,Inicial del Segundo Nombre,Inicial del Segundo Nombre
Milleage,Millaje,Millaje
New Inventory,Vehículos Nuevos,Vehículos Nuevos
New Lineup,Nueva Alineación,Nueva Alineación
Opt Out Form,Formulario de Exclusión,Formulario de Exclusión
Owners,Propietarios,Propietarios
Parts,Partes,Partes
Parts Center,Departamento de Partes,Departamento de Partes
Payment Estimator,Calculadora de Pagos,Calculadora de Pagos
Pre-Owned Inventory,Vehículos Usados,Vehículos Usados
Rebate,Rebaja,Rebaja
Recall,Recall,Recall
Rent,Alquilar,
Research,Explorar,Explorar
Research Center,Centro de Exploración de Vehículos,Centro de Exploración de Vehículos
Schedule,Agendar,Agendar
Service,Mantenimiento,Mantenimiento
Service & Parts,Mantenimiento y Partes,Mantenimiento y Partes
Service Care,Servicio de Cuidado,
Specials,Ofertas,Ofertas
Starting at,Desde,Desde
Tire,Neumático,Neumático
Trade-In,Intercambiar,Intercambiar
Trade-In Appraisal,Valore Su Vehículo,Valore Su Vehículo
Trim,Equipamiento,Equipamiento
Truck,Camioneta,Camioneta
Tune Up,Afinar,Afinar
Value Your Trade,Valore Su Vehículo,Valore Su Vehículo
Vehicle Showroom,Sala de Exposición de Vehículos,Sala de Exposición de Vehículos
View xx Qualifying Vehicle(s),Ver XX Vehículos que Califican,Ver xx Vehículos Elegibles
Wholesale New Inventory,Vehículos Nuevos al Por Mayor,Vehículos Nuevos al Por Mayor
Wiper Blades,Limpiaparabrisas,Limpiaparabrisas
xxxx Vehicles Research Overview,Descripción General de Vehículos xxxxx,
Zip Code,Código Postal,Código Postal
Contact Us,Contáctenos,Contáctenos
Oil Change Service,Servicio de Cambio de Aceite,
